{
    "ks": {
        "0.8": 1.48,
        "0.9": 1.665,
        "1.0": 1.85,
        "1.1": 2.035,
        "1.2": 2.22
    },
    "kp": {
        "0.8": 1.784,
        "0.9": 2.007,
        "1.0": 2.23,
        "1.1": 2.453,
        "1.2": 2.676
    },
    "kd": {
        "0.8": 1.784,
        "0.9": 2.007,
        "1.0": 2.23,
        "1.1": 2.453,
        "1.2": 2.676
    },
    "ksd": {
        "0.8": 1.6,
        "0.9": 1.8,
        "1.0": 2.0,
        "1.1": 2.2,
        "1.2": 2.4
    },
    "kpd": {
        "0.8": 1.6,
        "0.9": 1.8,
        "1.0": 2.0,
        "1.1": 2.2,
        "1.2": 2.4
    },
    "aesshift": {
        "0.8": 0.96,
        "0.9": 1.08,
        "1.0": 1.2,
        "1.1": 1.32,
        "1.2": 1.44
    },
    "aesrmax": {
        "0.8": 4.0,
        "0.9": 4.5,
        "1.0": 5.0,
        "1.1": 5.5,
        "1.2": 6.0
    },
    "a1": {
        "0.8": 0.416,
        "0.9": 0.468,
        "1.0": 0.52,
        "1.1": 0.572,
        "1.2": 0.624
    },
    "a2": {
        "0.8": 4.0,
        "0.9": 4.5,
        "1.0": 5.0,
        "1.1": 5.5,
        "1.2": 6.0
    },
    "s8": {
        "0.8": 2.16,
        "0.9": 2.43,
        "1.0": 2.7,
        "1.1": 2.97,
        "1.2": 3.24
    },
    "s9": {
        "0.8": 4.0,
        "0.9": 4.5,
        "1.0": 5.0,
        "1.1": 5.5,
        "1.2": 6.0
    },
    "kdiff": {
        "0.8": 1.6,
        "0.9": 1.8,
        "1.0": 2.0,
        "1.1": 2.2,
        "1.2": 2.4
    },
    "enscale": {
        "0.8": 1.6,
        "0.9": 1.8,
        "1.0": 2.0,
        "1.1": 2.2,
        "1.2": 2.4
    },
    "ipeashift": {
        "0.8": 1.424552,
        "0.9": 1.602621,
        "1.0": 1.78069,
        "1.1": 1.958759,
        "1.2": 2.136828
    },
    "gam3s": {
        "0.8": 0.8,
        "0.9": 0.9,
        "1.0": 1.0,
        "1.1": 1.1,
        "1.2": 1.2
    },
    "gam3p": {
        "0.8": 0.4,
        "0.9": 0.45,
        "1.0": 0.5,
        "1.1": 0.55,
        "1.2": 0.6
    },
    "gam3d1": {
        "0.8": 0.2,
        "0.9": 0.225,
        "1.0": 0.25,
        "1.1": 0.275,
        "1.2": 0.3
    },
    "gam3d2": {
        "0.8": 0.2,
        "0.9": 0.225,
        "1.0": 0.25,
        "1.1": 0.275,
        "1.2": 0.3
    },
    "aesexp": {
        "0.8": 3.2,
        "0.9": 3.6,
        "1.0": 4.0,
        "1.1": 4.4,
        "1.2": 4.8
    },
    "alphaj": {
        "0.8": 1.6,
        "0.9": 1.8,
        "1.0": 2.0,
        "1.1": 2.2,
        "1.2": 2.4
    },
    "aesdmp3": {
        "0.8": 2.4,
        "0.9": 2.7,
        "1.0": 3.0,
        "1.1": 3.3,
        "1.2": 3.6
    },
    "aesdmp5": {
        "0.8": 3.2,
        "0.9": 3.6,
        "1.0": 4.0,
        "1.1": 4.4,
        "1.2": 4.8
    },
    "kexp": {
        "0.8": 1.2,
        "0.9": 1.35,
        "1.0": 1.5,
        "1.1": 1.65,
        "1.2": 1.8
    },
    "kexplight": {
        "0.8": 0.8,
        "0.9": 0.9,
        "1.0": 1.0,
        "1.1": 1.1,
        "1.2": 1.2
    }
}